{"cameraMode":{"drawMode":0,"name":"Shaded","section":"Shading Mode"},"sceneLighting":false,"audioPlay":false,"sceneViewState":{"m_AlwaysRefresh":false,"showFog":true,"showSkybox":true,"showFlares":true,"showImageEffects":true,"showParticleSystems":true,"showVisualEffectGraphs":true,"m_FxEnabled":true},"in2DMode":false,"pivot":{"x":0.2187761515378952,"y":-0.38923344016075137,"z":13.335407257080079},"rotation":{"x":-0.0037240178789943458,"y":0.9873031377792358,"z":-0.15711215138435365,"w":-0.023401858285069467},"size":1.3662437200546265,"orthographic":false}