{"cameraMode":{"drawMode":0,"name":"Shaded","section":"Shading Mode"},"sceneLighting":false,"audioPlay":false,"sceneViewState":{"m_AlwaysRefresh":false,"showFog":true,"showSkybox":false,"showFlares":true,"showImageEffects":true,"showParticleSystems":true,"showVisualEffectGraphs":true,"m_FxEnabled":true},"in2DMode":false,"pivot":{"x":0.17065304517745973,"y":1.6143866777420045,"z":14.186116218566895},"rotation":{"x":-0.0011798960622400046,"y":0.9984859228134155,"z":-0.049775201827287677,"w":-0.023666920140385629},"size":2.21972918510437,"orthographic":false}